"","fish_id","bin","LLLL","LLLR","LLRL","LLRR","LRLL","LRLR","LRRL","LRRR","RLLL","RLLR","RLRL","RLRR","RRLL","RRLR","RRRL","RRRR","L","R","total_turns","reps","alts","rel_reps","rel_alts","rel_R","rel_L"
"1","1","1",2,4,2,4,3,11,6,5,4,2,12,7,3,8,5,12,38,55,93,14,23,15.0537634408602,24.7311827956989,59.1397849462366,40.8602150537634
"2","1","2",2,4,5,4,6,20,6,9,4,5,21,11,3,12,9,11,57,78,135,13,41,9.62962962962963,30.3703703703704,57.7777777777778,42.2222222222222
"3","1","3",0,3,8,4,7,42,4,4,3,9,41,4,5,4,5,10,73,83,156,10,83,6.41025641025641,53.2051282051282,53.2051282051282,46.7948717948718
"4","1","4",0,0,2,3,5,62,4,6,0,5,65,7,0,10,6,6,83,101,184,6,127,3.26086956521739,69.0217391304348,54.8913043478261,45.1086956521739
"5","1","5",0,1,6,1,4,55,9,4,1,6,53,11,3,10,4,3,81,93,174,3,108,1.72413793103448,62.0689655172414,53.448275862069,46.551724137931
"6","1","6",0,4,5,2,6,64,2,5,4,3,64,5,2,5,5,1,90,90,180,1,128,0.555555555555556,71.1111111111111,50,50
"7","10","1",50,4,3,2,5,8,1,1,4,1,10,0,0,2,1,0,77,18,95,50,18,52.6315789473684,18.9473684210526,18.9473684210526,81.0526315789474
"8","10","2",17,6,7,1,6,2,2,0,5,2,1,1,1,1,0,0,42,13,55,17,3,30.9090909090909,5.45454545454545,23.6363636363636,76.3636363636364
"9","10","3",107,1,3,0,3,1,0,0,2,1,1,0,0,0,0,0,118,4,122,107,2,87.7049180327869,1.63934426229508,3.27868852459016,96.7213114754098
"10","10","4",36,4,3,2,3,0,2,0,4,1,0,0,2,0,0,0,52,8,60,36,0,60,0,13.3333333333333,86.6666666666667
"11","10","5",31,1,1,0,1,0,0,0,1,0,0,0,0,0,0,0,37,1,38,31,0,81.5789473684211,0,2.63157894736842,97.3684210526316
"12","10","6",31,4,4,1,4,2,1,0,4,1,2,0,1,0,0,0,50,8,58,31,4,53.448275862069,6.89655172413793,13.7931034482759,86.2068965517241
"13","11","1",7,6,5,7,5,8,7,12,7,6,8,12,7,12,12,13,60,77,137,20,16,14.5985401459854,11.6788321167883,56.2043795620438,43.7956204379562
"14","11","2",0,0,4,3,2,6,2,8,1,7,4,7,5,5,8,12,28,49,77,12,10,15.5844155844156,12.987012987013,63.6363636363636,36.3636363636364
"15","11","3",2,1,1,2,1,1,3,1,0,2,1,2,2,2,1,3,14,14,28,5,2,17.8571428571429,7.14285714285714,50,50
"16","11","4",0,1,1,4,3,2,3,6,1,4,4,5,2,7,6,7,21,38,59,7,6,11.864406779661,10.1694915254237,64.406779661017,35.5932203389831
"17","11","5",0,0,0,0,0,4,1,4,0,0,3,5,0,4,4,6,10,24,34,6,7,17.6470588235294,20.5882352941176,70.5882352941177,29.4117647058824
"18","11","6",0,0,2,0,1,1,1,2,0,2,1,3,1,3,3,9,9,23,32,9,2,28.125,6.25,71.875,28.125
"19","12","1",6,6,6,6,7,3,5,3,6,6,3,2,5,2,3,3,43,32,75,9,6,12,8,42.6666666666667,57.3333333333333
"20","12","2",3,5,4,7,4,2,4,7,4,6,2,4,6,5,7,8,37,44,81,11,4,13.5802469135802,4.93827160493827,54.320987654321,45.679012345679
"21","12","3",4,7,5,4,7,6,3,1,7,3,8,0,3,2,1,0,39,25,64,4,14,6.25,21.875,39.0625,60.9375
"22","12","4",7,4,6,1,6,4,2,0,3,3,4,1,1,1,0,0,32,14,46,7,8,15.2173913043478,17.3913043478261,30.4347826086957,69.5652173913043
"23","12","5",9,4,7,3,9,2,2,2,4,5,4,1,0,3,2,2,39,23,62,11,6,17.741935483871,9.67741935483871,37.0967741935484,62.9032258064516
"24","12","6",9,4,4,1,2,3,3,1,4,1,0,3,3,1,1,2,28,17,45,11,3,24.4444444444444,6.66666666666667,37.7777777777778,62.2222222222222
"25","13","1",48,14,16,4,17,7,3,1,15,6,8,0,4,0,1,0,113,34,147,48,15,32.6530612244898,10.2040816326531,23.1292517006803,76.8707482993197
"26","13","2",62,14,15,1,14,3,2,1,14,2,2,2,2,1,1,2,115,26,141,64,5,45.3900709219858,3.54609929078014,18.4397163120567,81.5602836879433
"27","13","3",42,12,14,1,14,8,1,0,12,3,8,0,1,0,0,0,95,24,119,42,16,35.2941176470588,13.4453781512605,20.1680672268908,79.8319327731092
"28","13","4",32,4,2,2,1,1,1,2,4,0,0,1,3,0,2,1,48,11,59,33,1,55.9322033898305,1.69491525423729,18.6440677966102,81.3559322033898
"29","13","5",25,7,5,2,5,4,3,1,7,0,4,2,2,2,1,0,55,18,73,25,8,34.2465753424658,10.958904109589,24.6575342465753,75.3424657534247
"30","13","6",20,8,7,2,7,1,2,2,8,1,1,2,2,2,2,2,52,20,72,22,2,30.5555555555556,2.77777777777778,27.7777777777778,72.2222222222222
"31","14","1",3,6,7,8,8,16,6,11,7,9,17,8,8,9,11,11,68,80,148,14,33,9.45945945945946,22.2972972972973,54.0540540540541,45.9459459459459
"32","14","2",3,7,9,6,10,5,2,6,7,8,6,1,6,2,6,7,50,44,94,10,11,10.6382978723404,11.7021276595745,46.8085106382979,53.1914893617021
"33","14","3",31,8,10,1,10,4,1,1,9,3,4,1,2,1,1,0,69,21,90,31,8,34.4444444444444,8.88888888888889,23.3333333333333,76.6666666666667
"34","14","4",6,10,19,0,20,9,1,0,10,10,9,1,0,1,0,0,67,32,99,6,18,6.06060606060606,18.1818181818182,32.3232323232323,67.6767676767677
"35","14","5",4,8,18,1,19,16,0,1,9,11,16,0,1,0,1,0,70,38,108,4,32,3.7037037037037,29.6296296296296,35.1851851851852,64.8148148148148
"36","14","6",4,5,9,4,9,14,2,2,5,7,14,0,3,1,2,1,50,35,85,5,28,5.88235294117647,32.9411764705882,41.1764705882353,58.8235294117647
"37","15","1",3,4,8,3,9,20,6,4,4,7,21,7,3,8,4,3,59,58,117,6,41,5.12820512820513,35.042735042735,49.5726495726496,50.4273504273504
"38","15","2",22,11,15,3,12,12,4,1,10,7,10,2,5,0,1,0,82,36,118,22,22,18.6440677966102,18.6440677966102,30.5084745762712,69.4915254237288
"39","15","3",6,7,13,2,13,14,3,2,7,8,13,3,3,2,2,1,62,40,102,7,27,6.86274509803922,26.4705882352941,39.2156862745098,60.7843137254902
"40","15","4",12,7,17,2,17,3,2,1,8,12,3,1,2,1,1,0,64,28,92,12,6,13.0434782608696,6.52173913043478,30.4347826086957,69.5652173913043
"41","15","5",33,11,11,4,9,4,5,3,12,4,1,4,7,1,3,0,83,32,115,33,5,28.695652173913,4.34782608695652,27.8260869565217,72.1739130434783
"42","15","6",63,12,10,4,10,2,4,1,11,3,2,1,4,1,1,1,108,25,133,64,4,48.1203007518797,3.00751879699248,18.796992481203,81.203007518797
"43","16","1",6,4,4,5,4,4,3,6,4,5,3,4,5,4,6,12,37,45,82,18,7,21.9512195121951,8.53658536585366,54.8780487804878,45.1219512195122
"44","16","2",2,3,3,1,2,2,0,4,3,1,1,3,2,2,4,6,19,23,42,8,3,19.047619047619,7.14285714285714,54.7619047619048,45.2380952380952
"45","16","3",0,0,1,2,0,5,1,3,0,3,3,2,3,1,3,2,13,19,32,2,8,6.25,25,59.375,40.625
"46","16","4",0,1,1,0,0,2,2,1,1,0,1,2,1,1,0,1,7,10,17,1,3,5.88235294117647,17.6470588235294,58.8235294117647,41.1764705882353
"47","16","5",0,0,1,0,0,3,3,1,0,2,2,3,2,2,1,4,10,17,27,4,5,14.8148148148148,18.5185185185185,62.962962962963,37.037037037037
"48","16","6",0,0,1,1,1,3,3,1,0,2,4,3,1,4,1,6,12,22,34,6,7,17.6470588235294,20.5882352941176,64.7058823529412,35.2941176470588
"49","17","1",6,6,4,6,4,7,6,8,5,4,7,8,5,9,8,12,48,60,108,18,14,16.6666666666667,12.962962962963,55.5555555555556,44.4444444444444
"50","17","2",6,5,6,4,8,2,3,2,5,6,4,1,3,2,2,6,38,30,68,12,6,17.6470588235294,8.82352941176471,44.1176470588235,55.8823529411765
"51","17","3",1,3,3,5,3,2,4,4,3,5,3,3,5,3,4,2,27,29,56,3,5,5.35714285714286,8.92857142857143,51.7857142857143,48.2142857142857
"52","17","4",0,3,0,4,0,5,4,5,3,1,5,4,4,4,4,7,21,35,56,7,10,12.5,17.8571428571429,62.5,37.5
"53","17","5",2,3,6,4,7,3,3,7,3,7,4,6,4,6,7,7,37,45,82,9,7,10.9756097560976,8.53658536585366,54.8780487804878,45.1219512195122
"54","17","6",1,2,2,0,0,7,7,1,2,0,4,8,3,5,1,0,22,24,46,1,11,2.17391304347826,23.9130434782609,52.1739130434783,47.8260869565217
"55","18","1",6,6,3,9,2,4,8,6,6,6,2,5,10,4,6,13,45,54,99,19,6,19.1919191919192,6.06060606060606,54.5454545454545,45.4545454545455
"56","18","2",0,3,4,5,2,7,5,7,3,5,5,7,7,5,7,16,35,56,91,16,12,17.5824175824176,13.1868131868132,61.5384615384615,38.4615384615385
"57","18","3",2,1,8,3,9,10,2,5,1,10,12,4,2,6,6,3,42,45,87,5,22,5.74712643678161,25.2873563218391,51.7241379310345,48.2758620689655
"58","18","4",9,3,1,5,4,4,8,7,3,3,7,10,2,13,7,16,41,64,105,25,11,23.8095238095238,10.4761904761905,60.9523809523809,39.0476190476191
"59","18","5",0,0,1,2,1,1,3,4,0,3,1,4,2,4,4,21,13,41,54,21,2,38.8888888888889,3.7037037037037,75.9259259259259,24.0740740740741
"60","18","6",2,2,1,3,2,0,0,3,2,3,1,0,3,1,4,8,15,23,38,10,1,26.3157894736842,2.63157894736842,60.5263157894737,39.4736842105263
"61","19","1",0,5,12,1,9,46,4,7,5,8,43,10,4,7,7,2,85,88,173,2,89,1.15606936416185,51.4450867052023,50.8670520231214,49.1329479768786
"62","19","2",0,0,2,1,0,6,1,3,0,2,4,3,2,1,2,1,13,18,31,1,10,3.2258064516129,32.258064516129,58.0645161290323,41.9354838709677
"63","19","3",0,1,8,4,10,25,6,3,1,11,27,5,1,7,3,0,58,57,115,0,52,0,45.2173913043478,49.5652173913044,50.4347826086956
"64","19","4",1,2,4,1,4,18,2,0,3,3,18,1,1,1,0,0,35,27,62,1,36,1.61290322580645,58.0645161290323,43.5483870967742,56.4516129032258
"65","19","5",0,2,5,3,7,47,5,1,2,6,48,3,1,5,1,0,71,68,139,0,95,0,68.3453237410072,48.9208633093525,51.0791366906475
"66","19","6",0,0,1,0,0,24,4,2,0,1,23,6,1,5,2,0,33,39,72,0,47,0,65.2777777777778,54.1666666666667,45.8333333333333
"67","2","1",5,8,12,6,8,10,7,10,8,9,6,11,9,7,9,12,66,74,140,17,16,12.1428571428571,11.4285714285714,52.8571428571429,47.1428571428571
"68","2","2",1,4,6,3,6,4,5,3,4,6,3,5,4,4,3,9,34,39,73,10,7,13.6986301369863,9.58904109589041,53.4246575342466,46.5753424657534
"69","2","3",1,2,2,2,2,2,3,3,3,2,2,4,3,4,3,1,20,22,42,2,4,4.76190476190476,9.52380952380952,52.3809523809524,47.6190476190476
"70","2","4",2,3,3,3,2,2,5,2,3,3,1,5,4,3,2,0,23,23,46,2,3,4.34782608695652,6.52173913043478,50,50
"71","2","5",4,3,2,4,3,0,3,5,3,3,1,3,4,4,5,5,26,29,55,9,1,16.3636363636364,1.81818181818182,52.7272727272727,47.2727272727273
"72","2","6",0,1,0,1,0,0,0,1,1,0,0,0,0,0,0,7,3,11,14,7,0,50,0,78.5714285714286,21.4285714285714
"73","20","1",15,10,9,7,7,12,11,8,10,7,9,12,10,9,8,15,81,81,162,30,21,18.5185185185185,12.962962962963,50,50
"74","20","2",5,7,9,10,10,8,8,13,7,12,9,11,9,12,13,22,71,97,168,27,17,16.0714285714286,10.1190476190476,57.7380952380952,42.2619047619048
"75","20","3",1,4,6,6,3,7,9,11,4,9,4,14,10,11,11,15,49,79,128,16,11,12.5,8.59375,61.71875,38.28125
"76","20","4",1,2,1,3,0,2,2,5,1,2,1,4,3,3,4,0,16,21,37,1,3,2.7027027027027,8.10810810810811,56.7567567567568,43.2432432432432
"77","20","5",1,2,1,1,0,4,1,3,1,0,3,3,1,3,3,8,14,24,38,9,7,23.6842105263158,18.4210526315789,63.1578947368421,36.8421052631579
"78","20","6",0,0,1,2,1,4,2,5,0,3,4,4,2,4,4,26,15,50,65,26,8,40,12.3076923076923,76.9230769230769,23.0769230769231
"79","21","1",51,5,5,0,6,1,0,0,6,0,1,0,0,0,0,0,71,7,78,51,2,65.3846153846154,2.56410256410256,8.97435897435897,91.025641025641
"80","21","2",22,6,6,2,5,2,4,0,5,2,2,2,2,2,0,0,49,16,65,22,4,33.8461538461538,6.15384615384615,24.6153846153846,75.3846153846154
"81","21","3",10,8,4,5,6,1,5,2,7,2,3,2,3,4,2,0,43,24,67,10,4,14.9253731343284,5.97014925373134,35.8208955223881,64.1791044776119
"82","21","4",5,4,7,0,5,6,2,0,4,3,4,2,2,0,0,0,31,16,47,5,10,10.6382978723404,21.2765957446809,34.0425531914894,65.9574468085106
"83","21","5",19,4,6,1,6,1,1,0,4,3,1,0,1,0,0,0,41,9,50,19,2,38,4,18,82
"84","21","6",8,5,7,3,6,3,4,1,5,5,2,2,4,1,1,1,39,22,61,9,5,14.7540983606557,8.19672131147541,36.0655737704918,63.9344262295082
"85","22","1",3,3,5,4,6,8,3,4,4,6,9,2,4,3,4,3,39,35,74,6,17,8.10810810810811,22.972972972973,47.2972972972973,52.7027027027027
"86","22","2",6,4,5,2,4,3,3,2,3,3,2,3,3,2,2,4,31,23,54,10,5,18.5185185185185,9.25925925925926,42.5925925925926,57.4074074074074
"87","22","3",2,4,2,2,3,0,2,2,5,0,1,2,2,2,2,7,20,21,41,9,1,21.9512195121951,2.4390243902439,51.219512195122,48.780487804878
"88","22","4",0,0,0,0,1,1,0,0,1,0,1,0,0,0,0,0,5,2,7,0,2,0,28.5714285714286,28.5714285714286,71.4285714285714
"89","22","5",0,3,0,4,3,4,6,2,3,1,6,4,2,6,2,0,24,25,49,0,10,0,20.4081632653061,51.0204081632653,48.9795918367347
"90","22","6",9,0,0,0,0,0,0,0,0,0,0,0,0,0,0,0,12,0,12,9,0,75,0,0,100
"91","23","1",28,11,9,5,7,11,8,0,11,3,8,3,7,0,0,0,80,34,114,28,19,24.5614035087719,16.6666666666667,29.8245614035088,70.1754385964912
"92","23","2",4,6,4,7,5,3,4,7,5,6,4,4,6,5,7,5,42,43,85,9,7,10.5882352941176,8.23529411764706,50.5882352941176,49.4117647058824
"93","23","3",2,1,1,1,0,3,2,4,1,1,1,6,2,4,4,9,15,30,45,11,4,24.4444444444444,8.88888888888889,66.6666666666667,33.3333333333333
"94","23","4",0,0,1,0,0,4,3,5,0,1,3,7,1,6,4,12,13,37,50,12,7,24,14,74,26
"95","23","5",0,0,0,1,0,3,1,2,0,1,3,3,1,3,3,14,8,30,38,14,6,36.8421052631579,15.7894736842105,78.9473684210526,21.0526315789474
"96","23","6",1,1,2,1,3,5,3,1,1,2,6,3,0,5,1,0,18,20,38,1,11,2.63157894736842,28.9473684210526,52.6315789473684,47.3684210526316
"97","24","1",4,5,5,7,7,11,5,5,5,6,13,3,4,6,5,5,50,49,99,9,24,9.09090909090909,24.2424242424242,49.4949494949495,50.5050505050505
"98","24","2",3,7,12,2,14,5,0,3,7,7,8,1,0,4,3,1,48,32,80,4,13,5,16.25,40,60
"99","24","3",2,3,4,2,4,15,2,2,3,3,15,2,2,2,2,1,36,31,67,3,30,4.47761194029851,44.7761194029851,46.2686567164179,53.7313432835821
"100","24","4",4,3,4,1,4,1,0,1,2,2,1,0,1,0,1,4,20,12,32,8,2,25,6.25,37.5,62.5
"101","24","5",1,1,1,1,2,3,1,1,1,1,4,1,1,2,1,0,13,12,25,1,7,4,28,48,52
"102","24","6",0,0,5,1,6,6,1,0,1,6,7,0,1,1,0,0,22,16,38,0,13,0,34.2105263157895,42.1052631578947,57.8947368421053
"103","25","1",2,5,4,4,4,14,9,7,5,3,14,12,3,13,7,9,50,68,118,11,28,9.32203389830508,23.728813559322,57.6271186440678,42.3728813559322
"104","25","2",1,4,3,6,4,11,7,7,4,5,13,8,5,10,8,10,45,64,109,11,24,10.0917431192661,22.0183486238532,58.7155963302752,41.2844036697248
"105","25","3",3,6,7,6,10,14,8,6,6,7,16,9,3,11,6,5,61,65,126,8,30,6.34920634920635,23.8095238095238,51.5873015873016,48.4126984126984
"106","25","4",4,2,1,4,2,20,5,7,2,3,21,8,3,9,7,9,47,63,110,13,41,11.8181818181818,37.2727272727273,57.2727272727273,42.7272727272727
"107","25","5",2,5,7,3,10,41,5,0,5,5,45,2,0,5,0,0,75,63,138,2,86,1.44927536231884,62.3188405797101,45.6521739130435,54.3478260869565
"108","25","6",5,4,2,2,3,48,7,2,4,0,50,7,1,8,2,1,75,74,149,6,98,4.02684563758389,65.7718120805369,49.6644295302013,50.3355704697987
"109","26","1",10,11,11,5,10,9,6,7,11,5,8,8,6,7,7,11,72,63,135,21,17,15.5555555555556,12.5925925925926,46.6666666666667,53.3333333333333
"110","26","2",7,4,4,3,4,6,4,3,4,4,6,4,4,4,3,4,37,34,71,11,12,15.4929577464789,16.9014084507042,47.887323943662,52.112676056338
"111","26","3",0,1,1,2,2,1,2,1,1,3,2,1,1,2,1,0,12,12,24,0,3,0,12.5,50,50
"112","26","4",0,1,1,0,2,7,0,1,2,0,8,1,0,1,1,1,15,14,29,1,15,3.44827586206897,51.7241379310345,48.2758620689655,51.7241379310345
"113","26","5",2,3,3,2,3,4,1,2,3,2,4,1,1,2,2,2,21,19,40,4,8,10,20,47.5,52.5
"114","26","6",9,1,3,0,4,1,0,0,1,3,2,0,0,0,0,0,20,7,27,9,3,33.3333333333333,11.1111111111111,25.9259259259259,74.0740740740741
"115","27","1",0,2,1,3,0,2,2,13,2,2,1,12,5,11,14,74,25,122,147,74,3,50.3401360544218,2.04081632653061,82.9931972789116,17.0068027210884
"116","27","2",0,1,0,4,1,3,3,15,1,3,4,15,3,16,16,76,28,136,164,76,7,46.3414634146341,4.26829268292683,82.9268292682927,17.0731707317073
"117","27","3",0,1,2,3,2,1,2,9,1,4,1,8,3,8,9,56,20,93,113,56,2,49.5575221238938,1.76991150442478,82.3008849557522,17.6991150442478
"118","27","4",0,1,0,3,0,0,0,4,1,2,0,1,3,1,4,33,8,48,56,33,0,58.9285714285714,0,85.7142857142857,14.2857142857143
"119","27","5",0,0,1,1,0,4,0,6,0,2,3,6,2,5,7,28,13,55,68,28,7,41.1764705882353,10.2941176470588,80.8823529411765,19.1176470588235
"120","27","6",0,0,0,1,0,0,0,3,0,1,0,2,1,1,2,37,4,47,51,37,0,72.5490196078431,0,92.156862745098,7.84313725490196
"121","28","1",12,9,6,9,3,6,8,12,9,6,3,10,13,7,12,9,67,70,137,21,9,15.3284671532847,6.56934306569343,51.0948905109489,48.9051094890511
"122","28","2",21,9,7,10,9,6,13,3,10,8,8,5,9,7,3,1,81,51,132,22,14,16.6666666666667,10.6060606060606,38.6363636363636,61.3636363636364
"123","28","3",29,10,10,6,9,1,5,2,10,6,1,1,6,1,2,2,74,30,104,31,2,29.8076923076923,1.92307692307692,28.8461538461538,71.1538461538462
"124","28","4",10,4,7,0,7,2,0,0,4,3,2,0,0,0,0,0,33,9,42,10,4,23.8095238095238,9.52380952380952,21.4285714285714,78.5714285714286
"125","28","5",15,10,9,5,10,5,6,3,10,3,6,5,3,6,3,0,64,38,102,15,11,14.7058823529412,10.7843137254902,37.2549019607843,62.7450980392157
"126","28","6",5,7,6,6,7,4,6,4,7,5,4,4,5,4,4,8,46,43,89,13,8,14.6067415730337,8.98876404494382,48.314606741573,51.685393258427
"127","29","1",8,2,1,4,3,1,1,4,2,2,3,1,1,3,3,18,24,36,60,26,4,43.3333333333333,6.66666666666667,60,40
"128","29","2",1,2,2,2,1,3,3,0,2,3,2,1,4,0,1,1,16,15,31,2,5,6.45161290322581,16.1290322580645,48.3870967741936,51.6129032258064
"129","29","3",1,2,0,2,1,0,2,0,2,0,0,0,1,0,0,0,9,5,14,1,0,7.14285714285714,0,35.7142857142857,64.2857142857143
"130","29","4",3,1,0,0,1,0,0,1,1,0,1,1,0,1,1,1,8,7,15,4,1,26.6666666666667,6.66666666666667,46.6666666666667,53.3333333333333
"131","29","5",0,0,0,0,0,0,0,0,0,0,0,0,0,0,0,0,1,1,2,0,0,0,0,50,50
"132","29","6",2,0,0,0,1,1,0,0,1,0,1,0,0,0,0,0,7,2,9,2,2,22.2222222222222,22.2222222222222,22.2222222222222,77.7777777777778
"133","3","1",2,1,3,2,1,5,5,0,1,4,2,3,4,0,0,0,20,16,36,2,7,5.55555555555556,19.4444444444444,44.4444444444444,55.5555555555556
"134","3","2",0,0,1,0,1,1,0,0,0,1,0,0,0,0,0,0,4,3,7,0,1,0,14.2857142857143,42.8571428571429,57.1428571428571
"135","3","3",3,3,3,1,3,3,1,0,3,1,2,0,1,0,0,0,18,9,27,3,5,11.1111111111111,18.5185185185185,33.3333333333333,66.6666666666667
"136","3","4",4,6,5,2,7,7,3,2,6,2,9,3,1,5,3,5,38,35,73,9,16,12.3287671232877,21.9178082191781,47.9452054794521,52.0547945205479
"137","3","5",14,9,12,5,14,9,2,3,9,9,11,0,4,2,3,5,70,44,114,19,20,16.6666666666667,17.5438596491228,38.5964912280702,61.4035087719298
"138","3","6",48,7,13,0,13,16,1,1,7,6,16,2,0,2,1,2,102,36,138,50,32,36.231884057971,23.1884057971014,26.0869565217391,73.9130434782609
"139","30","1",8,5,3,3,2,11,2,7,5,1,10,6,4,5,7,4,42,44,86,12,21,13.953488372093,24.4186046511628,51.1627906976744,48.8372093023256
"140","30","2",8,5,4,5,2,4,4,5,5,4,2,4,6,3,5,9,38,40,78,17,6,21.7948717948718,7.69230769230769,51.2820512820513,48.7179487179487
"141","30","3",0,1,2,2,1,4,5,4,1,2,4,7,2,7,4,6,21,34,55,6,8,10.9090909090909,14.5454545454545,61.8181818181818,38.1818181818182
"142","30","4",0,0,2,0,0,2,1,0,0,2,0,2,2,0,1,0,6,9,15,0,2,0,13.3333333333333,60,40
"143","30","5",0,0,0,0,0,0,0,0,0,0,0,0,0,1,0,0,1,3,4,0,0,0,0,75,25
"144","30","6",1,1,2,0,1,2,1,1,1,2,1,2,1,1,1,0,11,10,21,1,3,4.76190476190476,14.2857142857143,47.6190476190476,52.3809523809524
"145","31","1",38,12,7,6,7,2,5,2,13,1,2,1,6,1,2,0,82,26,108,38,4,35.1851851851852,3.7037037037037,24.0740740740741,75.9259259259259
"146","31","2",47,12,11,3,11,4,2,1,13,1,4,0,3,0,1,0,94,22,116,47,8,40.5172413793103,6.89655172413793,18.9655172413793,81.0344827586207
"147","31","3",12,13,16,7,13,20,9,6,13,10,17,7,10,5,6,3,97,73,170,15,37,8.82352941176471,21.7647058823529,42.9411764705882,57.0588235294118
"148","31","4",20,14,17,8,17,11,10,3,14,11,12,5,8,6,4,2,102,63,165,22,23,13.3333333333333,13.9393939393939,38.1818181818182,61.8181818181818
"149","31","5",10,9,12,1,9,22,2,2,9,4,20,3,3,1,2,1,69,44,113,11,42,9.73451327433628,37.1681415929204,38.9380530973451,61.0619469026549
"150","31","6",17,8,13,6,15,10,6,2,8,11,13,1,4,4,2,0,79,44,123,17,23,13.8211382113821,18.6991869918699,35.7723577235772,64.2276422764228
"151","32","1",9,6,8,2,7,23,2,1,5,4,23,1,2,1,1,0,60,38,98,9,46,9.18367346938776,46.9387755102041,38.7755102040816,61.2244897959184
"152","32","2",6,5,8,1,6,15,0,3,5,4,14,2,2,1,3,3,46,35,81,9,29,11.1111111111111,35.8024691358025,43.2098765432099,56.7901234567901
"153","32","3",1,3,10,3,9,20,3,1,3,10,20,1,3,1,1,0,52,40,92,1,40,1.08695652173913,43.4782608695652,43.4782608695652,56.5217391304348
"154","32","4",2,2,8,1,7,30,5,0,2,7,30,4,2,3,0,0,57,49,106,2,60,1.88679245283019,56.6037735849057,46.2264150943396,53.7735849056604
"155","32","5",1,2,2,3,4,30,6,1,2,3,32,4,1,6,1,1,50,52,102,2,62,1.96078431372549,60.7843137254902,50.9803921568627,49.0196078431373
"156","32","6",2,4,7,5,8,24,7,3,4,8,26,5,4,6,3,2,62,59,121,4,50,3.30578512396694,41.3223140495868,48.7603305785124,51.2396694214876
"157","33","1",1,2,3,5,6,13,9,9,2,6,16,13,2,16,8,15,48,81,129,16,29,12.4031007751938,22.4806201550388,62.7906976744186,37.2093023255814
"158","33","2",5,4,4,5,4,12,5,9,4,5,13,9,4,10,9,19,50,74,124,24,25,19.3548387096774,20.1612903225806,59.6774193548387,40.3225806451613
"159","33","3",3,5,14,4,10,19,7,6,5,12,15,9,7,5,5,5,68,66,134,8,34,5.97014925373134,25.3731343283582,49.2537313432836,50.7462686567164
"160","33","4",6,4,6,7,6,12,6,9,4,9,12,8,7,9,10,6,57,67,124,12,24,9.67741935483871,19.3548387096774,54.0322580645161,45.9677419354839
"161","33","5",4,4,6,4,6,20,7,6,4,6,19,9,5,8,6,3,59,61,120,7,39,5.83333333333333,32.5,50.8333333333333,49.1666666666667
"162","33","6",6,9,30,2,30,8,1,2,9,23,9,1,2,1,2,2,90,50,140,8,17,5.71428571428571,12.1428571428571,35.7142857142857,64.2857142857143
"163","34","1",0,1,0,0,0,0,0,1,1,0,0,1,1,1,1,0,4,6,10,0,0,0,0,60,40
"164","34","2",0,0,0,0,0,0,0,0,0,1,0,0,0,0,0,0,2,2,4,0,0,0,0,50,50
"165","34","3",0,0,0,0,0,0,0,0,0,0,0,0,0,0,0,0,0,3,3,0,0,0,0,100,0
"166","34","4",0,0,0,0,0,0,0,0,0,0,0,0,0,0,0,0,1,0,1,0,0,0,0,0,100
"167","34","5",0,0,0,0,0,0,0,0,0,0,0,0,0,0,0,0,0,0,0,0,0,NA,NA,NA,NA
"168","34","6",0,0,0,0,0,0,0,0,0,0,0,0,0,0,0,0,1,0,1,0,0,0,0,0,100
"169","36","1",0,0,1,3,2,37,5,6,0,3,39,8,1,10,6,10,56,78,134,10,76,7.46268656716418,56.7164179104478,58.2089552238806,41.7910447761194
"170","36","2",2,4,5,3,5,32,4,3,4,4,32,4,3,5,4,6,59,64,123,8,64,6.50406504065041,52.0325203252033,52.0325203252033,47.9674796747967
"171","36","3",3,3,4,2,4,50,4,2,3,3,50,4,2,4,2,1,74,70,144,4,100,2.77777777777778,69.4444444444444,48.6111111111111,51.3888888888889
"172","36","4",0,0,3,0,2,71,8,0,0,3,71,8,1,7,0,0,86,91,177,0,142,0,80.225988700565,51.4124293785311,48.5875706214689
"173","36","5",1,1,10,0,10,33,1,0,1,9,33,1,0,1,0,0,57,47,104,1,66,0.961538461538462,63.4615384615385,45.1923076923077,54.8076923076923
"174","36","6",2,5,3,5,4,25,10,3,5,3,25,8,4,8,3,7,58,65,123,9,50,7.31707317073171,40.650406504065,52.8455284552846,47.1544715447154
"175","37","1",17,7,9,2,9,4,3,1,8,3,4,2,2,2,1,0,55,22,77,17,8,22.0779220779221,10.3896103896104,28.5714285714286,71.4285714285714
"176","37","2",6,3,7,1,7,2,2,1,4,4,2,2,1,2,1,0,32,16,48,6,4,12.5,8.33333333333333,33.3333333333333,66.6666666666667
"177","37","3",26,0,0,0,0,0,0,0,0,0,0,0,0,0,0,0,29,0,29,26,0,89.6551724137931,0,0,100
"178","37","4",20,1,1,0,1,0,0,0,1,0,0,0,0,0,0,0,25,2,27,20,0,74.0740740740741,0,7.40740740740741,92.5925925925926
"179","37","5",16,1,2,0,2,1,0,0,2,0,1,0,0,0,0,0,25,3,28,16,2,57.1428571428571,7.14285714285714,10.7142857142857,89.2857142857143
"180","37","6",18,2,2,0,2,0,0,0,2,0,0,0,0,0,0,0,27,2,29,18,0,62.0689655172414,0,6.89655172413793,93.1034482758621
"181","38","1",1,2,6,3,7,7,4,3,2,7,8,5,2,5,3,2,34,36,70,3,15,4.28571428571429,21.4285714285714,51.4285714285714,48.5714285714286
"182","38","2",0,1,2,1,1,2,2,2,1,1,2,3,1,3,2,2,13,16,29,2,4,6.89655172413793,13.7931034482759,55.1724137931034,44.8275862068966
"183","38","3",0,0,0,2,1,2,4,3,0,2,3,5,0,6,2,2,12,23,35,2,5,5.71428571428571,14.2857142857143,65.7142857142857,34.2857142857143
"184","38","4",0,0,0,1,1,0,0,0,0,1,1,0,0,1,0,0,3,5,8,0,1,0,12.5,62.5,37.5
"185","38","5",0,0,0,0,0,0,0,0,0,0,0,0,0,0,0,14,0,17,17,14,0,82.3529411764706,0,100,0
"186","38","6",0,0,0,0,0,0,1,2,0,0,0,3,0,2,1,2,3,11,14,2,0,14.2857142857143,0,78.5714285714286,21.4285714285714
"187","39","1",12,1,4,3,3,3,5,3,1,5,3,5,3,5,3,3,36,29,65,15,6,23.0769230769231,9.23076923076923,44.6153846153846,55.3846153846154
"188","39","2",1,2,2,6,4,6,5,4,2,6,8,3,3,5,4,1,31,34,65,2,14,3.07692307692308,21.5384615384615,52.3076923076923,47.6923076923077
"189","39","3",0,3,3,1,2,5,1,6,3,1,4,5,2,4,5,2,21,29,50,2,9,4,18,58,42
"190","39","4",0,1,2,2,2,4,0,4,1,3,4,2,2,2,4,10,16,30,46,10,8,21.7391304347826,17.3913043478261,65.2173913043478,34.7826086956522
"191","39","5",1,2,3,5,3,4,3,6,1,6,4,4,4,4,5,3,27,34,61,4,8,6.55737704918033,13.1147540983607,55.7377049180328,44.2622950819672
"192","39","6",1,5,5,5,3,4,9,8,5,5,3,11,7,10,8,3,42,53,95,4,7,4.21052631578947,7.36842105263158,55.7894736842105,44.2105263157895
"193","4","1",0,0,3,2,5,15,4,3,0,5,16,5,0,7,3,2,33,40,73,2,31,2.73972602739726,42.4657534246575,54.7945205479452,45.2054794520548
"194","4","2",0,1,2,1,1,19,3,2,1,1,19,4,1,4,2,1,31,34,65,1,38,1.53846153846154,58.4615384615385,52.3076923076923,47.6923076923077
"195","4","3",0,0,1,0,1,7,1,2,0,1,6,3,0,2,2,2,13,18,31,2,13,6.45161290322581,41.9354838709677,58.0645161290323,41.9354838709677
"196","4","4",4,2,2,1,2,7,2,4,2,1,8,5,1,5,4,4,26,31,57,8,15,14.0350877192982,26.3157894736842,54.3859649122807,45.6140350877193
"197","4","5",3,2,3,2,2,6,3,1,2,3,5,2,3,1,1,1,23,20,43,4,11,9.30232558139535,25.5813953488372,46.5116279069767,53.4883720930233
"198","4","6",1,1,1,0,1,9,1,2,1,0,8,3,1,2,2,2,18,20,38,3,17,7.89473684210526,44.7368421052632,52.6315789473684,47.3684210526316
"199","40","1",12,10,8,12,13,14,13,7,9,10,19,8,6,13,6,7,89,81,170,19,33,11.1764705882353,19.4117647058824,47.6470588235294,52.3529411764706
"200","40","2",11,15,17,11,15,20,15,8,14,13,18,12,12,10,8,6,113,95,208,17,38,8.17307692307692,18.2692307692308,45.6730769230769,54.3269230769231
"201","40","3",0,2,7,5,4,24,8,9,2,10,21,12,9,8,9,19,61,91,152,19,45,12.5,29.6052631578947,59.8684210526316,40.1315789473684
"202","40","4",6,5,6,2,7,18,3,5,5,3,19,6,1,6,4,13,52,60,112,19,37,16.9642857142857,33.0357142857143,53.5714285714286,46.4285714285714
"203","40","5",8,6,11,5,13,12,6,2,6,10,15,3,3,6,2,1,65,47,112,9,27,8.03571428571429,24.1071428571429,41.9642857142857,58.0357142857143
"204","40","6",7,5,8,2,8,14,2,3,5,5,15,3,2,3,3,3,51,40,91,10,29,10.989010989011,31.8681318681319,43.956043956044,56.043956043956
"205","41","1",7,14,14,5,12,16,10,6,14,5,15,11,6,10,6,1,86,69,155,8,31,5.16129032258065,20,44.5161290322581,55.4838709677419
"206","41","2",28,9,11,2,10,6,3,0,9,3,5,1,3,0,0,0,71,22,93,28,11,30.1075268817204,11.8279569892473,23.6559139784946,76.3440860215054
"207","41","3",45,7,8,0,7,2,1,0,7,1,1,1,1,0,0,0,73,11,84,45,3,53.5714285714286,3.57142857142857,13.0952380952381,86.9047619047619
"208","41","4",59,6,6,0,6,0,0,0,6,0,0,0,0,0,0,0,80,6,86,59,0,68.6046511627907,0,6.97674418604651,93.0232558139535
"209","41","5",39,8,8,0,8,0,0,0,7,0,0,0,0,0,0,0,65,8,73,39,0,53.4246575342466,0,10.958904109589,89.041095890411
"210","41","6",28,7,7,0,7,3,1,0,7,0,2,1,1,0,0,0,55,12,67,28,5,41.7910447761194,7.46268656716418,17.910447761194,82.089552238806
"211","42","1",4,5,1,4,2,4,7,3,5,1,5,6,4,6,3,9,32,40,72,13,9,18.0555555555556,12.5,55.5555555555556,44.4444444444444
"212","42","2",10,5,3,4,3,1,4,2,5,2,1,2,4,3,2,3,33,24,57,13,2,22.8070175438597,3.50877192982456,42.1052631578947,57.8947368421053
"213","42","3",0,0,1,2,1,10,1,3,0,3,10,3,2,2,3,3,19,28,47,3,20,6.38297872340426,42.5531914893617,59.5744680851064,40.4255319148936
"214","42","4",0,0,2,1,1,5,1,3,0,3,5,3,1,3,3,5,15,24,39,5,10,12.8205128205128,25.6410256410256,61.5384615384615,38.4615384615385
"215","42","5",0,0,0,1,0,1,1,4,0,1,1,4,1,4,5,2,8,20,28,2,2,7.14285714285714,7.14285714285714,71.4285714285714,28.5714285714286
"216","42","6",0,0,0,0,0,3,0,1,0,0,3,1,0,2,2,7,5,17,22,7,6,31.8181818181818,27.2727272727273,77.2727272727273,22.7272727272727
"217","43","1",11,8,9,5,6,8,6,6,8,5,5,8,7,5,6,10,60,56,116,21,13,18.1034482758621,11.2068965517241,48.2758620689655,51.7241379310345
"218","43","2",5,5,7,5,7,11,8,5,5,7,11,8,5,8,5,5,54,56,110,10,22,9.09090909090909,20,50.9090909090909,49.0909090909091
"219","43","3",9,9,8,7,7,5,5,4,8,6,4,2,7,1,3,4,54,38,92,13,9,14.1304347826087,9.78260869565217,41.304347826087,58.695652173913
"220","43","4",4,3,1,2,1,0,4,2,3,0,0,4,2,4,3,5,18,23,41,9,0,21.9512195121951,0,56.0975609756098,43.9024390243902
"221","43","5",4,3,2,4,1,1,2,4,3,2,0,2,5,1,4,3,23,21,44,7,1,15.9090909090909,2.27272727272727,47.7272727272727,52.2727272727273
"222","43","6",4,1,1,1,0,7,3,1,1,1,7,3,2,3,1,2,20,21,41,6,14,14.6341463414634,34.1463414634146,51.219512195122,48.780487804878
"223","44","1",3,2,3,3,2,7,6,5,2,4,6,8,4,8,6,20,32,60,92,23,13,25,14.1304347826087,65.2173913043478,34.7826086956522
"224","44","2",3,6,5,2,5,5,5,2,6,1,6,5,2,6,2,4,35,33,68,7,11,10.2941176470588,16.1764705882353,48.5294117647059,51.4705882352941
"225","44","3",0,0,2,2,2,3,1,4,0,4,4,3,2,4,5,9,16,32,48,9,7,18.75,14.5833333333333,66.6666666666667,33.3333333333333
"226","44","4",0,1,2,1,1,1,2,1,1,2,0,2,2,1,1,0,10,11,21,0,1,0,4.76190476190476,52.3809523809524,47.6190476190476
"227","44","5",3,2,1,1,0,2,0,6,2,0,1,5,2,4,5,9,15,31,46,12,3,26.0869565217391,6.52173913043478,67.3913043478261,32.6086956521739
"228","44","6",1,1,1,1,0,2,1,4,1,1,1,3,2,2,3,3,11,19,30,4,3,13.3333333333333,10,63.3333333333333,36.6666666666667
"229","45","1",7,12,7,8,7,1,6,8,12,3,2,6,8,7,8,6,58,53,111,13,3,11.7117117117117,2.7027027027027,47.7477477477477,52.2522522522523
"230","45","2",15,10,9,8,11,7,10,2,10,7,9,4,7,6,3,1,74,48,122,16,16,13.1147540983607,13.1147540983607,39.344262295082,60.655737704918
"231","45","3",10,8,6,8,3,8,10,9,8,6,5,11,11,8,9,14,63,74,137,24,13,17.5182481751825,9.48905109489051,54.014598540146,45.985401459854
"232","45","4",1,3,4,3,2,3,2,11,3,4,1,10,5,9,12,31,30,77,107,32,4,29.9065420560748,3.73831775700935,71.9626168224299,28.0373831775701
"233","45","5",5,4,5,7,7,5,2,10,4,7,7,5,4,7,10,19,46,65,111,24,12,21.6216216216216,10.8108108108108,58.5585585585586,41.4414414414414
"234","45","6",14,6,4,10,4,5,7,9,6,8,5,7,10,7,9,5,60,59,119,19,10,15.9663865546218,8.40336134453782,49.5798319327731,50.4201680672269
"235","46","1",1,1,0,4,1,1,3,7,1,2,2,6,2,7,6,11,18,40,58,12,3,20.6896551724138,5.17241379310345,68.9655172413793,31.0344827586207
"236","46","2",0,1,1,1,0,4,2,4,1,2,3,5,3,4,4,17,15,40,55,17,7,30.9090909090909,12.7272727272727,72.7272727272727,27.2727272727273
"237","46","3",1,4,3,2,2,1,1,1,4,1,1,0,3,0,2,4,17,16,33,5,2,15.1515151515152,6.06060606060606,48.4848484848485,51.5151515151515
"238","46","4",0,0,0,1,1,1,1,1,0,1,2,1,0,1,1,0,6,8,14,0,3,0,21.4285714285714,57.1428571428571,42.8571428571429
"239","46","5",0,0,0,0,0,1,1,1,0,0,0,2,0,2,1,3,4,10,14,3,1,21.4285714285714,7.14285714285714,71.4285714285714,28.5714285714286
"240","46","6",1,0,0,1,0,0,0,1,1,1,0,0,1,0,1,1,6,5,11,2,0,18.1818181818182,0,45.4545454545455,54.5454545454545
"241","47","1",30,7,7,3,8,3,2,1,7,3,4,0,2,1,1,0,64,18,82,30,7,36.5853658536585,8.53658536585366,21.9512195121951,78.0487804878049
"242","47","2",74,3,3,0,3,2,0,0,3,0,2,0,0,0,0,0,88,5,93,74,4,79.5698924731183,4.3010752688172,5.37634408602151,94.6236559139785
"243","47","3",76,1,1,0,1,0,0,0,1,0,0,0,0,0,0,0,82,1,83,76,0,91.566265060241,0,1.20481927710843,98.7951807228916
"244","47","4",83,0,0,0,0,0,0,0,0,0,0,0,0,0,0,0,86,0,86,83,0,96.5116279069767,0,0,100
"245","47","5",74,4,3,1,3,0,1,0,4,0,0,0,1,0,0,0,89,5,94,74,0,78.7234042553192,0,5.31914893617021,94.6808510638298
"246","47","6",56,6,5,2,6,0,3,0,6,1,1,1,1,2,0,0,81,12,93,56,1,60.2150537634409,1.0752688172043,12.9032258064516,87.0967741935484
"247","49","1",4,4,8,2,7,9,4,1,4,6,8,3,3,2,1,1,41,29,70,5,17,7.14285714285714,24.2857142857143,41.4285714285714,58.5714285714286
"248","49","2",0,3,6,3,6,13,4,0,2,6,13,1,2,2,0,0,36,28,64,0,26,0,40.625,43.75,56.25
"249","49","3",0,1,2,0,2,5,0,0,1,1,5,0,0,1,0,0,11,10,21,0,10,0,47.6190476190476,47.6190476190476,52.3809523809524
"250","49","4",0,0,0,0,0,0,1,0,0,1,0,0,1,0,0,0,3,3,6,0,0,0,0,50,50
"251","49","5",0,0,0,2,0,0,2,0,0,2,0,0,1,0,0,0,5,5,10,0,0,0,0,50,50
"252","49","6",31,4,5,0,5,3,0,0,5,1,3,0,0,0,0,0,51,9,60,31,6,51.6666666666667,10,15,85
"253","5","1",12,15,20,7,18,17,8,5,15,12,15,6,9,4,4,1,102,69,171,13,32,7.60233918128655,18.7134502923977,40.3508771929825,59.6491228070175
"254","5","2",16,12,15,10,16,17,11,4,11,13,18,5,9,6,4,2,103,69,172,18,35,10.4651162790698,20.3488372093023,40.1162790697674,59.8837209302326
"255","5","3",0,3,3,4,3,33,11,5,3,3,33,12,3,12,5,3,63,76,139,3,66,2.15827338129496,47.4820143884892,54.6762589928058,45.3237410071942
"256","5","4",0,1,2,1,2,6,1,2,1,2,7,2,1,2,2,0,17,18,35,0,13,0,37.1428571428571,51.4285714285714,48.5714285714286
"257","5","5",4,6,4,6,5,6,10,2,5,4,7,6,4,7,2,2,44,39,83,6,13,7.2289156626506,15.6626506024096,46.9879518072289,53.0120481927711
"258","5","6",1,3,4,2,3,23,12,2,3,3,23,12,3,12,2,1,52,60,112,2,46,1.78571428571429,41.0714285714286,53.5714285714286,46.4285714285714
"259","50","1",6,6,5,6,6,8,4,6,7,5,9,4,5,5,6,1,50,42,92,7,17,7.60869565217391,18.4782608695652,45.6521739130435,54.3478260869565
"260","50","2",7,6,6,4,6,12,7,2,6,4,13,5,3,6,2,1,52,41,93,8,25,8.60215053763441,26.8817204301075,44.0860215053763,55.9139784946237
"261","50","3",16,9,12,2,10,28,9,0,9,5,25,7,4,5,0,0,87,57,144,16,53,11.1111111111111,36.8055555555556,39.5833333333333,60.4166666666667
"262","50","4",5,6,6,1,4,25,6,1,6,1,24,5,3,4,1,0,56,45,101,5,49,4.95049504950495,48.5148514851485,44.5544554455446,55.4455445544554
"263","50","5",2,1,1,2,1,2,4,0,1,2,2,1,2,1,0,0,14,11,25,2,4,8,16,44,56
"264","50","6",11,2,2,1,2,0,3,0,3,1,0,2,2,2,0,0,24,10,34,11,0,32.3529411764706,0,29.4117647058824,70.5882352941177
"265","51","1",24,9,8,2,9,7,1,4,9,1,8,3,1,4,4,2,66,33,99,26,15,26.2626262626263,15.1515151515152,33.3333333333333,66.6666666666667
"266","51","2",5,3,6,1,6,14,1,0,2,4,14,0,0,1,0,0,37,23,60,5,28,8.33333333333333,46.6666666666667,38.3333333333333,61.6666666666667
"267","51","3",2,2,3,1,3,4,3,0,1,3,4,2,1,2,0,0,20,14,34,2,8,5.88235294117647,23.5294117647059,41.1764705882353,58.8235294117647
"268","51","4",3,5,4,4,5,11,8,6,5,3,12,10,3,11,6,1,47,53,100,4,23,4,23,53,47
"269","51","5",5,2,6,2,6,12,3,0,2,5,12,1,1,1,0,0,37,24,61,5,24,8.19672131147541,39.344262295082,39.344262295082,60.655737704918
"270","51","6",4,3,5,2,4,5,4,0,3,4,4,1,3,1,0,0,28,18,46,4,9,8.69565217391304,19.5652173913043,39.1304347826087,60.8695652173913
"271","52","1",3,2,2,1,1,2,2,3,1,1,1,4,1,3,3,1,17,17,34,4,3,11.7647058823529,8.82352941176471,50,50
"272","52","2",1,2,2,1,2,1,1,0,2,1,0,0,1,0,0,0,11,6,17,1,1,5.88235294117647,5.88235294117647,35.2941176470588,64.7058823529412
"273","52","3",7,2,4,0,4,0,0,0,3,1,0,0,0,0,0,0,20,4,24,7,0,29.1666666666667,0,16.6666666666667,83.3333333333333
"274","52","4",7,3,4,0,3,0,0,0,2,1,0,0,0,0,0,0,19,4,23,7,0,30.4347826086957,0,17.3913043478261,82.6086956521739
"275","52","5",12,2,2,0,2,0,0,0,3,0,0,0,0,0,0,0,21,3,24,12,0,50,0,12.5,87.5
"276","52","6",17,3,2,1,2,3,0,1,2,0,3,0,1,0,1,2,31,10,41,19,6,46.3414634146341,14.6341463414634,24.390243902439,75.609756097561
"277","53","1",9,3,7,1,8,4,1,0,3,5,5,0,0,1,0,0,35,15,50,9,9,18,18,30,70
"278","53","2",7,2,1,0,2,0,0,0,2,0,0,0,0,0,0,0,14,3,17,7,0,41.1764705882353,0,17.6470588235294,82.3529411764706
"279","53","3",0,0,0,0,0,0,0,0,0,0,0,0,0,0,0,0,1,2,3,0,0,0,0,66.6666666666667,33.3333333333333
"280","53","4",0,0,0,0,0,2,0,0,0,0,2,0,0,0,0,0,4,3,7,0,4,0,57.1428571428571,42.8571428571429,57.1428571428571
"281","53","5",0,0,0,0,0,1,0,1,0,1,1,1,1,0,1,0,4,6,10,0,2,0,20,60,40
"282","53","6",0,0,0,0,0,0,0,0,1,0,0,0,1,0,1,0,3,3,6,0,0,0,0,50,50
"283","54","1",1,1,1,2,2,1,1,0,1,2,2,0,0,1,0,0,10,8,18,1,3,5.55555555555556,16.6666666666667,44.4444444444444,55.5555555555556
"284","54","2",0,0,0,0,0,2,0,1,0,0,1,1,0,0,0,0,3,5,8,0,3,0,37.5,62.5,37.5
"285","54","3",0,0,0,0,0,1,2,0,0,0,1,2,0,2,0,0,4,7,11,0,2,0,18.1818181818182,63.6363636363636,36.3636363636364
"286","54","4",1,1,1,0,1,3,1,0,1,0,3,2,0,1,0,0,9,9,18,1,6,5.55555555555556,33.3333333333333,50,50
"287","54","5",0,1,1,1,0,1,4,1,1,1,0,5,1,4,1,0,10,15,25,0,1,0,4,60,40
"288","54","6",0,0,0,1,1,4,0,3,0,1,5,2,0,3,3,11,10,27,37,11,9,29.7297297297297,24.3243243243243,72.972972972973,27.027027027027
"289","55","1",16,9,18,2,18,9,2,1,9,11,10,1,2,2,2,1,77,39,116,17,19,14.6551724137931,16.3793103448276,33.6206896551724,66.3793103448276
"290","55","2",1,6,12,1,10,7,3,1,6,6,6,3,2,2,1,0,43,27,70,1,13,1.42857142857143,18.5714285714286,38.5714285714286,61.4285714285714
"291","55","3",4,1,2,1,0,18,4,4,0,2,16,8,2,6,4,5,35,45,80,9,34,11.25,42.5,56.25,43.75
"292","55","4",0,1,3,0,2,19,13,8,1,2,18,22,1,20,8,2,47,76,123,2,37,1.6260162601626,30.0813008130081,61.7886178861789,38.2113821138211
"293","55","5",0,0,0,3,1,18,12,9,0,3,19,18,2,19,8,8,43,80,123,8,37,6.50406504065041,30.0813008130081,65.0406504065041,34.9593495934959
"294","55","6",0,1,3,2,2,7,10,11,1,4,7,19,3,18,11,14,38,78,116,14,14,12.0689655172414,12.0689655172414,67.2413793103448,32.7586206896552
"295","57","1",0,0,1,1,0,6,5,3,0,1,6,7,1,7,3,2,18,28,46,2,12,4.34782608695652,26.0869565217391,60.8695652173913,39.1304347826087
"296","57","2",8,6,9,3,7,5,5,2,6,6,4,4,4,3,2,2,47,32,79,10,9,12.6582278481013,11.3924050632911,40.5063291139241,59.4936708860759
"297","57","3",10,7,9,3,9,13,7,5,7,6,13,9,4,8,5,2,65,55,120,12,26,10,21.6666666666667,45.8333333333333,54.1666666666667
"298","57","4",3,9,13,5,13,47,6,7,9,9,47,8,4,8,6,3,103,97,200,6,94,3,47,48.5,51.5
"299","57","5",0,3,4,2,4,31,6,6,3,4,31,10,3,10,7,7,58,76,134,7,62,5.22388059701493,46.2686567164179,56.7164179104478,43.2835820895522
"300","57","6",0,2,5,5,8,27,4,4,2,8,30,3,2,6,3,1,55,58,113,1,57,0.884955752212389,50.4424778761062,51.3274336283186,48.6725663716814
"301","59","1",16,4,3,2,3,3,2,3,4,1,2,3,2,2,2,3,36,22,58,19,5,32.7586206896552,8.62068965517241,37.9310344827586,62.0689655172414
"302","59","2",5,6,8,3,9,3,3,0,6,5,4,0,2,1,0,0,38,20,58,5,7,8.62068965517241,12.0689655172414,34.4827586206897,65.5172413793103
"303","59","3",3,2,4,0,2,3,2,1,2,2,1,2,2,1,1,0,18,13,31,3,4,9.67741935483871,12.9032258064516,41.9354838709677,58.0645161290323
"304","59","4",1,3,4,1,4,2,2,0,4,1,2,1,1,1,0,0,20,10,30,1,4,3.33333333333333,13.3333333333333,33.3333333333333,66.6666666666667
"305","59","5",0,0,1,0,1,5,0,1,0,1,4,1,0,0,0,0,8,9,17,0,9,0,52.9411764705882,52.9411764705882,47.0588235294118
"306","59","6",0,0,0,0,0,0,0,1,0,0,0,1,1,1,2,0,3,6,9,0,0,0,0,66.6666666666667,33.3333333333333
"307","6","1",31,11,11,5,11,3,3,5,11,4,4,3,4,4,5,6,82,42,124,37,7,29.8387096774194,5.64516129032258,33.8709677419355,66.1290322580645
"308","6","2",11,11,9,12,13,9,15,1,10,10,13,5,7,9,1,0,82,57,139,11,22,7.9136690647482,15.8273381294964,41.0071942446043,58.9928057553957
"309","6","3",11,9,8,6,8,11,9,2,9,5,11,4,6,4,2,2,65,45,110,13,22,11.8181818181818,20,40.9090909090909,59.0909090909091
"310","6","4",5,5,4,2,4,0,1,1,5,1,0,0,2,0,1,0,25,9,34,5,0,14.7058823529412,0,26.4705882352941,73.5294117647059
"311","6","5",14,4,3,1,3,3,0,1,3,0,3,0,0,0,0,0,29,9,38,14,6,36.8421052631579,15.7894736842105,23.6842105263158,76.3157894736842
"312","6","6",2,1,1,1,2,0,1,0,1,1,1,0,0,1,0,0,9,6,15,2,1,13.3333333333333,6.66666666666667,40,60
"313","61","1",0,0,0,0,0,0,0,0,0,0,0,0,0,0,0,0,0,0,0,0,0,NA,NA,NA,NA
"314","61","2",0,0,0,0,0,0,0,0,0,0,0,0,0,0,0,0,1,0,1,0,0,0,0,0,100
"315","61","3",0,1,1,0,0,2,0,0,1,0,1,0,0,0,0,0,5,4,9,0,3,0,33.3333333333333,44.4444444444444,55.5555555555556
"316","61","4",0,0,0,0,0,3,0,0,0,0,2,0,0,0,0,0,4,4,8,0,5,0,62.5,50,50
"317","61","5",0,0,0,0,1,2,0,0,0,1,2,0,0,0,0,0,5,4,9,0,4,0,44.4444444444444,44.4444444444444,55.5555555555556
"318","61","6",0,0,0,0,0,0,0,0,0,0,0,0,0,0,0,0,0,0,0,0,0,NA,NA,NA,NA
"319","62","1",0,3,2,2,2,22,7,5,3,1,22,10,2,10,5,7,44,62,106,7,44,6.60377358490566,41.5094339622642,58.4905660377358,41.5094339622642
"320","62","2",0,0,0,1,0,5,1,9,0,1,4,9,1,8,8,42,16,76,92,42,9,45.6521739130435,9.78260869565217,82.6086956521739,17.3913043478261
"321","62","3",0,1,0,2,0,3,0,6,1,1,3,4,2,4,7,52,13,76,89,52,6,58.4269662921348,6.74157303370786,85.3932584269663,14.6067415730337
"322","62","4",0,0,0,0,0,1,1,1,0,0,1,2,0,2,0,7,3,15,18,7,2,38.8888888888889,11.1111111111111,83.3333333333333,16.6666666666667
"323","62","5",0,0,0,0,0,0,0,1,0,0,0,1,0,1,1,4,1,10,11,4,0,36.3636363636364,0,90.9090909090909,9.09090909090909
"324","62","6",0,0,0,0,0,3,0,1,0,0,3,2,0,2,2,3,5,14,19,3,6,15.7894736842105,31.5789473684211,73.6842105263158,26.3157894736842
"325","63","1",1,1,2,6,3,4,4,12,1,7,5,11,5,12,13,38,34,94,128,39,9,30.46875,7.03125,73.4375,26.5625
"326","63","2",3,1,3,8,6,5,7,9,1,10,8,8,6,10,9,34,44,87,131,37,13,28.2442748091603,9.9236641221374,66.412213740458,33.587786259542
"327","63","3",0,1,3,5,4,14,4,8,1,7,15,6,4,7,7,5,39,55,94,5,29,5.31914893617021,30.8510638297872,58.5106382978723,41.4893617021277
"328","63","4",6,5,6,10,8,13,7,9,5,10,15,6,7,8,8,15,64,77,141,21,28,14.8936170212766,19.8581560283688,54.6099290780142,45.3900709219858
"329","63","5",0,1,3,5,2,7,2,13,1,7,6,10,6,9,13,35,33,90,123,35,13,28.4552845528455,10.5691056910569,73.1707317073171,26.8292682926829
"330","63","6",0,2,6,4,7,14,3,4,1,8,15,3,2,5,4,18,41,58,99,18,29,18.1818181818182,29.2929292929293,58.5858585858586,41.4141414141414
"331","64","1",0,0,2,0,0,4,1,0,0,1,2,1,1,0,0,0,8,7,15,0,6,0,40,46.6666666666667,53.3333333333333
"332","64","2",3,5,6,6,5,6,5,4,5,7,6,2,7,2,4,10,42,44,86,13,12,15.1162790697674,13.953488372093,51.1627906976744,48.8372093023256
"333","64","3",5,4,6,4,6,4,5,4,4,6,4,5,4,5,4,1,40,34,74,6,8,8.10810810810811,10.8108108108108,45.9459459459459,54.0540540540541
"334","64","4",0,1,2,2,0,7,5,7,1,3,5,10,4,8,7,17,25,57,82,17,12,20.7317073170732,14.6341463414634,69.5121951219512,30.4878048780488
"335","64","5",4,3,3,5,2,4,4,3,3,5,3,3,6,2,4,5,29,33,62,9,7,14.5161290322581,11.2903225806452,53.2258064516129,46.7741935483871
"336","64","6",2,2,1,2,1,3,1,4,2,1,3,3,2,3,4,19,17,39,56,21,6,37.5,10.7142857142857,69.6428571428571,30.3571428571429
"337","66","1",6,7,8,3,9,12,7,5,8,4,13,9,3,10,5,6,60,58,118,12,25,10.1694915254237,21.1864406779661,49.1525423728814,50.8474576271186
"338","66","2",2,4,6,1,3,19,8,0,4,3,16,7,3,5,0,0,44,40,84,2,35,2.38095238095238,41.6666666666667,47.6190476190476,52.3809523809524
"339","66","3",1,1,1,4,1,11,9,10,1,4,12,15,4,15,10,10,40,72,112,11,23,9.82142857142857,20.5357142857143,64.2857142857143,35.7142857142857
"340","66","4",5,6,5,2,5,11,7,1,6,2,10,6,3,5,1,2,44,36,80,7,21,8.75,26.25,45,55
"341","66","5",1,4,3,2,4,2,3,2,4,1,3,3,1,5,2,5,22,26,48,6,5,12.5,10.4166666666667,54.1666666666667,45.8333333333333
"342","66","6",0,0,0,0,0,8,0,0,0,0,9,0,0,0,0,0,10,10,20,0,17,0,85,50,50
"343","67","1",2,2,2,3,2,3,3,9,2,3,3,10,3,10,10,29,27,72,99,31,6,31.3131313131313,6.06060606060606,72.7272727272727,27.2727272727273
"344","67","2",0,0,0,0,0,0,1,4,0,0,0,5,0,5,4,145,5,162,167,145,0,86.8263473053892,0,97.0059880239521,2.9940119760479
"345","67","3",0,0,0,0,0,0,0,5,0,0,0,5,0,4,4,123,5,139,144,123,0,85.4166666666667,0,96.5277777777778,3.47222222222222
"346","67","4",0,0,0,0,0,1,0,5,0,0,1,5,0,5,5,147,6,166,172,147,2,85.4651162790698,1.16279069767442,96.5116279069767,3.48837209302326
"347","67","5",0,0,0,0,0,0,0,0,0,0,0,0,0,0,0,160,0,163,163,160,0,98.159509202454,0,100,0
"348","67","6",0,0,0,0,0,0,0,1,0,0,0,1,0,0,0,145,1,149,150,145,0,96.6666666666667,0,99.3333333333333,0.666666666666667
"349","68","1",46,5,6,0,7,0,0,0,6,1,0,0,0,0,0,0,67,7,74,46,0,62.1621621621622,0,9.45945945945946,90.5405405405405
"350","68","2",45,4,4,3,5,1,4,1,3,3,2,3,1,4,1,0,68,19,87,45,3,51.7241379310345,3.44827586206897,21.8390804597701,78.1609195402299
"351","68","3",31,5,3,3,4,1,2,3,6,1,2,2,3,3,4,2,55,23,78,33,3,42.3076923076923,3.84615384615385,29.4871794871795,70.5128205128205
"352","68","4",85,1,1,0,1,0,0,0,1,0,0,0,0,0,0,0,91,1,92,85,0,92.3913043478261,0,1.08695652173913,98.9130434782609
"353","68","5",44,1,1,1,1,0,1,0,1,1,0,0,1,0,0,0,52,3,55,44,0,80,0,5.45454545454545,94.5454545454545
"354","68","6",64,2,2,0,3,2,0,0,3,0,2,0,0,0,0,0,76,5,81,64,4,79.0123456790123,4.93827160493827,6.17283950617284,93.8271604938272
"355","69","1",9,12,5,13,7,5,12,6,12,6,7,5,11,7,6,3,69,60,129,12,12,9.30232558139535,9.30232558139535,46.5116279069767,53.4883720930233
"356","69","2",0,3,7,4,5,25,8,5,3,8,23,9,6,6,5,9,58,71,129,9,48,6.97674418604651,37.2093023255814,55.0387596899225,44.9612403100775
"357","69","3",0,0,2,1,1,29,11,2,0,3,28,12,2,11,2,2,47,62,109,2,57,1.8348623853211,52.2935779816514,56.8807339449541,43.1192660550459
"358","69","4",9,5,7,5,8,16,6,4,6,7,16,5,5,5,4,2,63,50,113,11,32,9.73451327433628,28.3185840707965,44.2477876106195,55.7522123893805
"359","69","5",16,8,11,1,11,7,1,2,8,4,6,2,1,2,2,1,58,28,86,17,13,19.7674418604651,15.1162790697674,32.5581395348837,67.4418604651163
"360","69","6",1,3,5,8,9,12,9,3,3,10,16,4,4,9,4,4,51,56,107,5,28,4.67289719626168,26.1682242990654,52.3364485981308,47.6635514018692
"361","7","1",0,1,3,2,2,10,6,10,1,4,8,14,3,13,10,30,35,85,120,30,18,25,15,70.8333333333333,29.1666666666667
"362","7","2",0,1,3,1,1,38,9,7,1,3,36,15,3,13,7,23,61,103,164,23,74,14.0243902439024,45.1219512195122,62.8048780487805,37.1951219512195
"363","7","3",1,4,0,8,1,6,3,18,4,4,7,12,7,13,17,38,41,105,146,39,13,26.7123287671233,8.9041095890411,71.9178082191781,28.0821917808219
"364","7","4",0,0,0,1,0,3,1,3,0,1,3,4,1,4,3,30,9,48,57,30,6,52.6315789473684,10.5263157894737,84.2105263157895,15.7894736842105
"365","7","5",0,1,1,1,0,4,1,8,1,1,3,8,2,8,9,18,17,52,69,18,7,26.0869565217391,10.1449275362319,75.3623188405797,24.6376811594203
"366","7","6",2,1,2,1,2,5,2,4,1,2,5,5,1,6,5,22,20,49,69,24,10,34.7826086956522,14.4927536231884,71.0144927536232,28.9855072463768
"367","71","1",4,6,8,7,8,11,8,13,6,9,11,13,7,14,13,30,66,105,171,34,22,19.8830409356725,12.8654970760234,61.4035087719298,38.5964912280702
"368","71","2",3,7,8,5,7,10,7,10,7,6,10,11,6,11,10,10,59,72,131,13,20,9.9236641221374,15.2671755725191,54.9618320610687,45.0381679389313
"369","71","3",1,1,3,3,3,14,4,1,1,5,14,2,3,1,1,0,31,29,60,1,28,1.66666666666667,46.6666666666667,48.3333333333333,51.6666666666667
"370","71","4",0,1,4,2,4,7,2,4,1,5,6,4,2,4,4,12,25,40,65,12,13,18.4615384615385,20,61.5384615384615,38.4615384615385
"371","71","5",0,0,1,4,1,8,7,9,0,5,8,12,4,11,8,17,30,68,98,17,16,17.3469387755102,16.3265306122449,69.3877551020408,30.6122448979592
"372","71","6",1,3,3,6,4,5,5,8,3,6,5,7,6,7,8,11,37,54,91,12,10,13.1868131868132,10.989010989011,59.3406593406593,40.6593406593407
"373","72","1",11,7,17,1,17,23,3,0,7,11,24,2,1,2,0,0,81,48,129,11,47,8.52713178294574,36.4341085271318,37.2093023255814,62.7906976744186
"374","72","2",6,4,8,1,6,10,4,1,4,5,8,4,2,2,1,0,41,28,69,6,18,8.69565217391304,26.0869565217391,40.5797101449275,59.4202898550725
"375","72","3",1,2,4,5,7,7,3,4,2,7,9,2,3,4,4,1,35,33,68,2,16,2.94117647058824,23.5294117647059,48.5294117647059,51.4705882352941
"376","72","4",1,1,3,0,1,4,3,1,1,2,3,3,2,2,1,0,16,15,31,1,7,3.2258064516129,22.5806451612903,48.3870967741936,51.6129032258064
"377","72","5",1,2,3,4,3,4,4,1,2,5,3,1,5,0,1,0,24,18,42,1,7,2.38095238095238,16.6666666666667,42.8571428571429,57.1428571428571
"378","72","6",6,4,4,3,3,1,3,2,4,3,0,2,4,1,2,0,29,16,45,6,1,13.3333333333333,2.22222222222222,35.5555555555556,64.4444444444444
"379","73","1",31,9,7,4,8,13,14,0,9,3,13,10,4,10,0,0,88,50,138,31,26,22.463768115942,18.8405797101449,36.231884057971,63.768115942029
"380","73","2",7,6,10,6,8,11,6,8,6,9,9,8,8,6,8,11,64,66,130,18,20,13.8461538461538,15.3846153846154,50.7692307692308,49.2307692307692
"381","73","3",5,5,10,5,8,8,5,5,6,10,6,5,8,3,6,7,54,51,105,12,14,11.4285714285714,13.3333333333333,48.5714285714286,51.4285714285714
"382","73","4",8,6,10,5,8,23,5,4,5,9,21,4,6,3,4,2,70,56,126,10,44,7.93650793650794,34.9206349206349,44.4444444444444,55.5555555555556
"383","73","5",0,5,20,1,20,23,1,1,4,16,23,1,1,1,1,0,73,48,121,0,46,0,38.0165289256198,39.6694214876033,60.3305785123967
"384","73","6",6,7,16,2,16,7,3,2,7,11,6,3,3,2,2,3,61,38,99,9,13,9.09090909090909,13.1313131313131,38.3838383838384,61.6161616161616
"385","75","1",0,4,12,6,11,26,8,5,4,14,26,7,7,7,6,6,74,78,152,6,52,3.94736842105263,34.2105263157895,51.3157894736842,48.6842105263158
"386","75","2",7,8,12,7,14,40,7,3,8,11,43,3,5,5,3,0,100,79,179,7,83,3.91061452513966,46.3687150837989,44.1340782122905,55.8659217877095
"387","75","3",4,7,21,4,20,39,4,2,7,18,39,2,4,2,2,0,103,75,178,4,78,2.24719101123596,43.8202247191011,42.1348314606742,57.8651685393258
"388","75","4",5,15,25,7,26,28,8,1,16,17,29,2,7,2,1,0,118,74,192,5,57,2.60416666666667,29.6875,38.5416666666667,61.4583333333333
"389","75","5",11,16,23,1,23,31,1,1,16,9,31,1,1,1,1,0,109,61,170,11,62,6.47058823529412,36.4705882352941,35.8823529411765,64.1176470588235
"390","75","6",5,13,15,3,16,38,3,2,13,5,38,2,2,3,2,0,96,67,163,5,76,3.06748466257669,46.6257668711656,41.1042944785276,58.8957055214724
"391","76","1",4,2,6,4,5,6,3,10,1,8,5,9,4,8,9,22,40,69,109,26,11,23.8532110091743,10.0917431192661,63.302752293578,36.697247706422
"392","76","2",2,5,2,8,3,8,8,6,5,5,9,7,7,8,7,13,43,63,106,15,17,14.1509433962264,16.0377358490566,59.4339622641509,40.5660377358491
"393","76","3",0,2,1,3,1,4,2,8,2,2,4,7,3,7,8,35,21,71,92,35,8,38.0434782608696,8.69565217391304,77.1739130434783,22.8260869565217
"394","76","4",0,0,0,2,0,1,1,6,0,2,1,5,2,5,6,39,10,63,73,39,2,53.4246575342466,2.73972602739726,86.3013698630137,13.6986301369863
"395","76","5",1,2,1,3,3,2,4,6,2,2,4,7,1,9,5,22,22,55,77,23,6,29.8701298701299,7.79220779220779,71.4285714285714,28.5714285714286
"396","76","6",1,4,1,6,3,3,3,7,4,3,5,4,4,7,8,15,29,52,81,16,8,19.7530864197531,9.87654320987654,64.1975308641975,35.8024691358025
"397","79","1",0,1,1,0,0,1,1,0,0,0,0,2,0,1,0,0,5,5,10,0,1,0,10,50,50
"398","79","2",0,0,0,0,0,0,1,0,0,0,0,1,0,1,0,0,2,4,6,0,0,0,0,66.6666666666667,33.3333333333333
"399","79","3",0,1,1,0,0,1,0,1,1,0,0,1,0,0,0,1,4,6,10,1,1,10,10,60,40
"400","79","4",0,0,2,0,1,2,0,0,0,1,1,0,0,0,0,0,6,4,10,0,3,0,30,40,60
"401","79","5",1,1,1,0,0,1,0,0,0,0,0,0,0,0,0,0,5,2,7,1,1,14.2857142857143,14.2857142857143,28.5714285714286,71.4285714285714
"402","79","6",0,0,1,0,1,0,0,0,0,1,0,0,0,0,0,0,4,2,6,0,0,0,0,33.3333333333333,66.6666666666667
"403","8","1",3,3,2,3,1,4,2,5,3,2,4,4,4,4,5,3,25,30,55,6,8,10.9090909090909,14.5454545454545,54.5454545454545,45.4545454545455
"404","8","2",2,4,6,4,4,3,4,4,4,6,2,4,6,3,4,2,33,32,65,4,5,6.15384615384615,7.69230769230769,49.2307692307692,50.7692307692308
"405","8","3",1,1,3,3,4,6,3,5,1,5,6,5,2,6,5,1,27,33,60,2,12,3.33333333333333,20,55,45
"406","8","4",0,0,1,3,2,3,4,2,1,4,4,3,3,3,2,5,18,25,43,5,7,11.6279069767442,16.2790697674419,58.1395348837209,41.8604651162791
"407","8","5",0,0,1,3,0,1,2,5,0,4,0,4,4,2,5,12,13,33,46,12,1,26.0869565217391,2.17391304347826,71.7391304347826,28.2608695652174
"408","8","6",0,0,0,0,0,4,1,7,0,0,5,7,0,8,7,19,14,47,61,19,9,31.1475409836066,14.7540983606557,77.0491803278689,22.9508196721311
"409","80","1",19,5,9,0,7,43,2,3,4,4,41,5,1,4,3,6,89,70,159,25,84,15.7232704402516,52.8301886792453,44.0251572327044,55.9748427672956
"410","80","2",0,0,3,3,1,17,5,10,0,6,15,12,5,11,11,35,40,97,137,35,32,25.5474452554745,23.3576642335766,70.8029197080292,29.1970802919708
"411","80","3",2,2,8,3,6,38,6,6,2,9,35,9,5,7,6,11,72,86,158,13,73,8.22784810126582,46.2025316455696,54.4303797468354,45.5696202531646
"412","80","4",2,2,8,4,8,27,11,0,2,10,27,6,4,7,0,0,63,58,121,2,54,1.65289256198347,44.6280991735537,47.9338842975207,52.0661157024793
"413","80","5",0,0,3,2,4,27,9,2,0,5,29,8,1,10,2,1,49,57,106,1,56,0.943396226415094,52.8301886792453,53.7735849056604,46.2264150943396
"414","80","6",4,4,6,2,9,25,4,1,4,4,28,3,0,5,1,0,57,46,103,4,53,3.88349514563107,51.4563106796116,44.6601941747573,55.3398058252427
"415","84","1",30,10,13,4,13,6,6,0,10,6,6,2,4,2,0,0,84,31,115,30,12,26.0869565217391,10.4347826086957,26.9565217391304,73.0434782608696
"416","84","2",17,13,18,3,18,18,3,1,13,8,18,1,3,1,1,1,93,47,140,18,36,12.8571428571429,25.7142857142857,33.5714285714286,66.4285714285714
"417","84","3",11,8,10,4,10,11,3,1,7,7,11,0,4,0,1,0,60,31,91,11,22,12.0879120879121,24.1758241758242,34.0659340659341,65.9340659340659
"418","84","4",10,4,6,4,5,9,4,1,4,6,8,0,5,0,1,0,44,26,70,10,17,14.2857142857143,24.2857142857143,37.1428571428571,62.8571428571429
"419","84","5",5,3,7,2,7,13,2,1,3,6,13,1,2,1,1,0,42,28,70,5,26,7.14285714285714,37.1428571428571,40,60
"420","84","6",3,5,4,4,7,14,4,0,5,3,17,0,1,3,0,0,42,31,73,3,31,4.10958904109589,42.4657534246575,42.4657534246575,57.5342465753425
"421","85","1",0,3,3,2,1,6,5,6,3,2,4,9,3,7,6,14,27,50,77,14,10,18.1818181818182,12.987012987013,64.9350649350649,35.0649350649351
"422","85","2",0,1,3,2,3,15,6,7,1,4,15,11,2,11,7,6,38,59,97,6,30,6.18556701030928,30.9278350515464,60.8247422680412,39.1752577319588
"423","85","3",0,0,2,1,1,23,5,4,0,3,22,8,2,7,4,15,37,63,100,15,45,15,45,63,37
"424","85","4",1,1,0,1,0,3,2,5,1,0,3,5,2,5,5,29,15,51,66,30,6,45.4545454545455,9.09090909090909,77.2727272727273,22.7272727272727
"425","85","5",4,6,14,2,15,98,3,5,6,10,99,7,1,7,5,1,148,138,286,5,197,1.74825174825175,68.8811188811189,48.2517482517483,51.7482517482517
"426","85","6",5,9,19,5,19,45,11,9,10,15,45,14,6,14,9,11,125,124,249,16,90,6.42570281124498,36.144578313253,49.7991967871486,50.2008032128514
"427","86","1",28,12,12,5,13,11,5,3,12,5,11,3,4,4,3,1,90,45,135,29,22,21.4814814814815,16.2962962962963,33.3333333333333,66.6666666666667
"428","86","2",10,6,6,3,6,5,5,5,6,3,5,7,3,7,5,9,47,47,94,19,10,20.2127659574468,10.6382978723404,50,50
"429","86","3",24,6,5,3,5,3,3,1,6,2,3,1,3,2,1,2,51,22,73,26,6,35.6164383561644,8.21917808219178,30.1369863013699,69.8630136986301
"430","86","4",18,6,5,5,4,4,7,2,6,4,3,4,6,3,2,1,53,30,83,19,7,22.8915662650602,8.43373493975904,36.144578313253,63.855421686747
"431","86","5",8,7,8,4,8,5,4,2,7,5,5,2,4,2,2,0,46,30,76,8,10,10.5263157894737,13.1578947368421,39.4736842105263,60.5263157894737
"432","86","6",11,5,5,1,5,2,1,1,6,1,1,1,2,0,1,0,34,12,46,11,3,23.9130434782609,6.52173913043478,26.0869565217391,73.9130434782609
"433","87","1",7,11,11,5,8,22,9,4,11,5,20,8,7,6,4,4,79,66,145,11,42,7.58620689655172,28.9655172413793,45.5172413793103,54.4827586206897
"434","87","2",23,11,12,8,12,4,5,5,11,9,4,2,8,2,5,1,81,44,125,24,8,19.2,6.4,35.2,64.8
"435","87","3",7,7,7,7,6,6,9,2,7,7,5,4,8,3,2,0,54,36,90,7,11,7.77777777777778,12.2222222222222,40,60
"436","87","4",3,2,3,1,3,16,3,5,2,2,17,6,1,7,5,5,38,46,84,8,33,9.52380952380952,39.2857142857143,54.7619047619048,45.2380952380952
"437","87","5",4,4,6,6,5,11,8,3,4,8,10,5,7,3,2,2,47,44,91,6,21,6.59340659340659,23.0769230769231,48.3516483516484,51.6483516483516
"438","87","6",16,2,2,4,3,4,3,3,2,4,6,2,2,4,3,2,39,26,65,18,10,27.6923076923077,15.3846153846154,40,60
"439","88","1",0,5,4,4,5,5,3,3,5,3,7,2,3,4,4,1,31,30,61,1,12,1.63934426229508,19.672131147541,49.1803278688525,50.8196721311475
"440","88","2",0,0,0,0,0,1,0,1,0,0,1,1,0,0,1,2,3,7,10,2,2,20,20,70,30
"441","88","3",1,1,2,0,1,7,0,0,1,1,6,0,1,0,1,2,13,14,27,3,13,11.1111111111111,48.1481481481481,51.8518518518519,48.1481481481481
"442","88","4",0,0,0,0,0,0,1,0,0,0,0,1,1,0,0,0,3,3,6,0,0,0,0,50,50
"443","88","5",5,1,2,0,1,1,0,1,1,1,0,1,1,0,1,0,14,5,19,5,1,26.3157894736842,5.26315789473684,26.3157894736842,73.6842105263158
"444","88","6",0,0,0,0,0,0,0,0,0,0,0,0,0,0,0,0,0,0,0,0,0,NA,NA,NA,NA
"445","89","1",2,3,1,4,1,3,2,9,3,2,3,7,4,7,9,10,26,47,73,12,6,16.4383561643836,8.21917808219178,64.3835616438356,35.6164383561644
"446","89","2",4,10,12,10,14,12,11,8,11,12,14,9,8,11,8,7,84,80,164,11,26,6.70731707317073,15.8536585365854,48.780487804878,51.219512195122
"447","89","3",1,2,8,5,7,18,8,12,2,11,16,15,6,14,12,13,62,91,153,14,34,9.15032679738562,22.2222222222222,59.4771241830065,40.5228758169935
"448","89","4",1,4,3,7,5,20,12,7,4,6,22,12,5,14,7,10,60,82,142,11,42,7.74647887323944,29.5774647887324,57.7464788732394,42.2535211267606
"449","89","5",3,7,4,10,4,8,8,8,6,8,8,6,10,6,8,7,54,60,114,10,16,8.7719298245614,14.0350877192982,52.6315789473684,47.3684210526316
"450","89","6",9,3,3,3,4,6,2,7,2,3,8,6,1,8,7,19,39,55,94,28,14,29.7872340425532,14.8936170212766,58.5106382978723,41.4893617021277
"451","9","1",9,8,11,9,10,10,9,4,8,12,9,4,9,3,3,2,70,53,123,11,19,8.94308943089431,15.4471544715447,43.0894308943089,56.9105691056911
"452","9","2",7,7,8,3,6,12,14,2,7,4,10,12,5,11,2,0,60,53,113,7,22,6.19469026548673,19.4690265486726,46.9026548672566,53.0973451327434
"453","9","3",2,1,0,4,0,1,4,11,1,3,1,11,4,10,10,35,23,78,101,37,2,36.6336633663366,1.98019801980198,77.2277227722772,22.7722772277228
"454","9","4",11,7,3,8,6,1,8,12,8,4,4,12,6,14,12,23,59,83,142,34,5,23.943661971831,3.52112676056338,58.4507042253521,41.5492957746479
"455","9","5",0,3,3,7,3,3,2,17,3,7,3,13,7,12,17,27,39,91,130,27,6,20.7692307692308,4.61538461538461,70,30
"456","9","6",5,4,5,5,2,7,7,12,4,6,4,13,8,11,12,26,48,86,134,31,11,23.134328358209,8.2089552238806,64.1791044776119,35.8208955223881
"457","90","1",2,2,2,4,2,1,3,2,2,4,0,1,4,1,2,1,19,17,36,3,1,8.33333333333333,2.77777777777778,47.2222222222222,52.7777777777778
"458","90","2",0,3,2,4,1,2,4,2,3,3,1,2,4,1,1,4,18,22,40,4,3,10,7.5,55,45
"459","90","3",0,1,3,1,2,6,2,3,1,4,5,4,3,2,3,7,20,30,50,7,11,14,22,60,40
"460","90","4",2,2,2,3,1,9,4,5,2,2,8,6,3,6,5,8,29,42,71,10,17,14.0845070422535,23.943661971831,59.1549295774648,40.8450704225352
"461","90","5",0,2,2,3,1,29,6,4,2,3,28,7,3,7,4,1,48,57,105,1,57,0.952380952380952,54.2857142857143,54.2857142857143,45.7142857142857
"462","90","6",2,3,7,1,6,28,2,2,3,5,26,3,2,2,2,4,52,49,101,6,54,5.94059405940594,53.4653465346535,48.5148514851485,51.4851485148515
"463","91","1",4,6,8,4,8,5,6,4,7,6,4,6,5,5,4,2,48,39,87,6,9,6.89655172413793,10.3448275862069,44.8275862068966,55.1724137931034
"464","91","2",19,9,10,4,9,3,5,1,9,5,2,2,5,1,1,0,62,26,88,19,5,21.5909090909091,5.68181818181818,29.5454545454545,70.4545454545455
"465","91","3",3,5,7,4,8,12,3,4,6,6,12,3,4,3,4,6,49,44,93,9,24,9.67741935483871,25.8064516129032,47.3118279569892,52.6881720430108
"466","91","4",16,11,11,3,13,21,3,4,11,3,22,4,2,5,4,0,84,52,136,16,43,11.7647058823529,31.6176470588235,38.2352941176471,61.7647058823529
"467","91","5",4,3,3,2,2,17,6,4,3,2,16,8,3,7,4,0,43,44,87,4,33,4.59770114942529,37.9310344827586,50.5747126436782,49.4252873563218
"468","91","6",0,3,2,4,4,21,9,1,3,3,22,6,2,8,1,1,45,48,93,1,43,1.0752688172043,46.2365591397849,51.6129032258064,48.3870967741936
"469","92","1",8,1,0,2,1,0,2,0,1,1,1,0,1,1,0,0,17,5,22,8,1,36.3636363636364,4.54545454545455,22.7272727272727,77.2727272727273
"470","92","2",18,6,6,1,6,1,1,0,5,1,1,0,1,0,0,0,41,9,50,18,2,36,4,18,82
"471","92","3",0,0,0,0,0,1,0,1,0,0,1,1,0,1,2,7,3,14,17,7,2,41.1764705882353,11.7647058823529,82.3529411764706,17.6470588235294
"472","92","4",0,0,0,0,0,1,0,0,0,0,2,0,0,0,0,0,3,3,6,0,3,0,50,50,50
"473","92","5",0,0,0,0,0,0,0,0,0,0,0,0,0,0,0,0,0,1,1,0,0,0,0,100,0
"474","92","6",0,0,0,0,1,0,0,0,0,0,0,0,0,0,0,0,3,1,4,0,0,0,0,25,75
